,V21,V22,V23,V24,V25,V26,V27,V28,V29,V30,V31,V32,V33,V34,V35,V36,V37,V38,V39,V40
44,-1.13620043421338,1.64359091363906,0.751781902429317,-1.10900676817779,0.495509888455178,-1.13142594604636,-1.61611978564102,1.98170338799536,-0.818622532826784,0.590656438805555,0.105623003734303,-0.557369268544404,-0.844717406882459,-0.296133588144874,0.164756616888758,-0.859740687988726,-0.0625563647911021,-0.943348790315109,-0.353069595443248,0.374872700506648
35,-0.991967202631023,0.485547506052777,-0.852757541191994,-1.41140075210427,-0.30397316812574,-0.195407554891534,1.10472317252911,-0.0202499669802048,-0.233638969165045,1.60953255077115,-0.317821398022288,-0.499122364529845,-0.279100864839519,0.542952610215495,0.386627563709049,0.340244357613191,-0.817823497476608,-0.754263323933158,1.18350051571737,0.935409985176755
84,0.781970676253863,-0.623467931892463,0.786072118622203,-0.265619916360817,1.09752879335831,0.161559812152266,-0.338115595301109,-0.249652571271803,1.30380018149055,-0.994646689331764,2.69468187395382,0.111601833991981,-0.837613595145278,0.877136416814795,0.521333146941155,-0.22715756003108,-1.55466255863638,-0.543470758097911,-0.157223569461324,-1.36306944312377
0,0.272995704436882,1.82751585042397,0.0003610647389043,-1.07022494945787,-1.66406860537807,0.188935987812183,1.65343837392516,-0.52909350475016,-1.25638293830112,2.61874724696985,0.627913408284926,-0.421773000632119,-0.405530005844541,0.976809303964215,-1.97867431997431,0.274980245919453,1.42659831041145,-0.325176312465096,1.79018514325113,1.67992276679305
11,0.27804203536817,2.59586479566566,-0.503754781877011,-0.106436885865959,-0.662679076143142,-0.648775717607349,0.582416165438851,-0.674878089316012,-1.1570906305618,1.26967712313152,-1.31991126691674,-0.179826541875913,0.003444109575258,-0.341789112895595,-2.11246516691298,1.57613399105196,-0.707898348026407,-0.762281690572255,-0.301338416316528,0.42726233997382
14,-1.1101925360023,-0.872495123114621,1.20351089352643,-0.0549643998999233,0.276277511341129,-0.606853438475959,-0.607833171167653,0.992649089593264,1.64471592281764,-1.40852246292283,-0.560353089255727,-0.161219090511386,-0.726102285566882,-0.582488445048516,0.0564053919967178,0.25068599640297,-0.796456520635689,0.492920529384532,-0.0958168057336506,-0.0391818225035224
59,-0.411814136854336,-0.839068830012556,-0.541355786872587,0.425598426311082,0.16335729326724,1.69449785954398,-0.589180885917923,0.122017047899533,0.258161631201966,-0.241258618419205,-0.262237388230547,-0.186174192096695,-0.337618535677223,-0.340843849856338,-0.0014481238881824,-2.38365458723575,-0.744748184414101,1.11851796345997,-1.17127035306557,-1.49996028833063
3,-4.83671798091456,1.80639605217808,-0.211961319333177,0.684456968701721,-0.973950204784503,-0.527693280502812,-0.772723060212233,1.42339424720115,-0.892256895836903,0.213674506258984,1.82496694210648,-0.315960196085298,-1.71830956467486,-0.99518620771564,-0.576840950288762,0.339481664913817,-1.35816583566335,-0.206377012858367,1.83128654223036,1.09717055744715
60,0.58125413476631,-0.904856646625304,1.54760753082846,-0.838078947144419,0.97091156104987,0.335923195029697,0.0538773898994237,-0.930967190469393,-0.489580466797439,-1.30755318967745,1.12330000144833,-0.102266190740737,-0.727688994065117,0.25251476101855,-0.653470258020467,0.373065014100395,0.0436667730281634,0.534913473720113,0.323091742836462,-0.169380257169477
81,-1.27905168305107,-0.277789550042116,0.0219682469412147,1.45052873852021,0.956996267704008,1.2474351990107,1.75284552842743,1.71381372682292,0.500881947622888,-1.33024280416189,-0.0949574842491754,0.612998577319171,-0.474051215522096,-0.873364243452139,-0.993358775175577,0.58537130415067,0.133580878347244,1.31927017161693,-0.600659328283357,-1.07675477691613
74,0.558533680356938,-0.1264278825852,-0.637718231779589,-0.73372629103006,0.328340489999115,-0.263796878215874,-0.59830114664629,-1.05179758061073,4.3531279479642,-0.975953418837518,-0.604899181721275,-0.23896518254791,-1.51007312864135,-1.7023626490612,-0.251872587805807,0.659306900230772,-0.325128004045831,-0.149753937706641,1.74071730760896,2.40724628007973
28,-0.0108132974000202,1.4239775153746,-0.977823836676581,-1.12000056654542,-0.946878479065686,-0.18855438315058,-0.358359624168525,-0.194668741078849,-1.16169298167775,1.08503488638108,-1.41644707691198,-0.707540787283243,-0.641332903713088,0.58346835219593,-0.533447851146158,2.21011400726878,0.323083511203227,-0.0210571384841802,-0.606722750312094,-0.113657109312833
21,-0.249118573020695,-0.216817480809336,0.884575171373097,1.57010302546142,-1.10161961062167,-0.779219653030374,-0.14703261243961,-0.247980295620987,0.907138706384809,1.4003951106542,0.628482801118519,0.166432367738565,-0.376307546930558,0.874157818173109,-0.986974579386697,0.0621433870348312,-0.147986432172202,-1.0706536391845,-0.225343109298637,-0.239367773681608
25,1.56802720576757,1.11161147759987,-0.937280508162919,-0.49504853851253,0.541212077385217,0.126494355892217,-0.615318668180558,0.970486493837533,-0.709910703072199,-0.560185051810779,-0.309766861897103,-0.256171462258589,0.0117951157652016,0.246401153304223,1.0196819535599,-1.27729836062007,-0.842425792829755,-1.12250745286336,0.0657241155884419,0.469325952414615
13,0.313973586729549,1.69970240308803,-0.167494442898838,-1.23109528900655,0.413421594853495,-0.364947794524534,-0.26511663510463,-0.211087832667312,-0.370235057767158,-0.437423581836086,1.72327100955681,-0.464935218823714,-0.36610653563569,-0.566699152066178,-1.74239983120717,-0.540060530087411,0.180124056944063,-0.974751922885672,0.183758313490146,-0.215887777954954
27,2.40206276608888,-0.53556653208187,-0.221696631046918,-0.230401522285714,0.0783563377740425,0.155053497798308,-0.722653812130004,0.57452297489266,0.622779155291718,-0.844382004626126,-0.269455628631395,3.46306377183977,0.8762775574089,0.875239090282762,0.30770193611119,-0.932946751921602,0.0124866273665554,-0.720438930353717,-0.819946827790291,-0.754854216093762
23,0.0363446202833074,0.160449065585322,0.888074916731995,-0.796209305056897,-0.410694600499603,-0.111939063058862,0.416463065406393,0.169938197018241,2.46715671820829,1.69787736553088,0.971900819466362,-0.294515236873498,0.575729677511434,0.283401060814908,-0.198656737532948,-0.840959380266634,-0.948535410701224,-0.174171677321171,0.345228244333938,-1.24211664633858
29,1.00298022843369,-1.40102993612485,-0.622964773808857,0.591439874686861,0.364005250420114,0.727817275378746,0.56335826212438,-1.32380649172879,-0.305896532654618,0.0127340681865013,-1.35482513061402,-0.434354692561209,1.41725161572272,0.657333518237603,-0.874578134668517,1.87606704014991,-0.117165766345285,1.40123773227615,0.655400259704126,-0.0259424384220814
56,0.086326329548816,-0.339831992916759,-1.04973530321035,0.382027135432743,-0.983564717515382,5.10522321960869,0.722612518360391,-0.959652226221298,1.31940065454485,-0.442202966808703,1.41976387013856,-0.349956190960917,-0.35751994827134,-1.00456267302878,0.0271243514742971,-0.612520481596985,-0.118357725797153,-0.659815829450553,-0.585200107656369,0.497586900963006
1,0.439635303441183,0.501862765019662,0.200498450314985,-1.31581923512234,-0.52305377304521,-0.746618709783187,-0.987196684807004,0.907724604515318,-1.32520989494754,-0.366098421887819,-0.654471945295876,-0.473760616602266,-1.36113732440756,-0.571715166582404,0.0972557138262287,-0.670331759195751,-0.604759168788957,-0.936356071304586,-0.274840176314218,0.904658139431524
18,0.590168222599886,-1.12068731081512,-0.256336416868787,0.0623107492087413,1.35854286192665,-0.078326756693806,-1.58791089295692,-0.799024076661988,0.131072945435574,0.168922883171145,-0.260564796781871,-0.247777055503549,0.37091782957946,-0.368040223572837,0.251267920329307,0.0345786780628787,-0.185511081582912,1.02348804764542,-0.711272933247689,-0.410221621260946
73,0.475335028692795,-0.598331897468556,-0.330356098693957,0.437328331178116,-0.785590679476027,-0.17817056832305,0.830340988918063,-1.15024221659023,0.195291041275632,-0.604672728500047,-0.976327175659097,0.679596608655446,0.225749591921714,-0.548868362937186,1.68226858094638,-0.0571724246580405,2.60534530169033,1.21152588823532,-0.965450164882791,1.27844046448167
24,-0.628450401647353,-0.540060980567596,0.897951945862891,0.411870518088539,2.12688021781286,0.374059251947256,-0.0290592128831536,2.15142312401101,-0.305737045239709,-0.99587941677101,1.87279000895286,-0.166354916599109,0.0226439752896965,-0.0598803925032185,1.83448923139289,0.0724397384763835,-0.104565052139803,0.615730843824432,-1.18543086553075,-1.43549476078498
80,0.760790743735193,0.772385225869933,-0.801756816981942,1.48297239348557,-1.82342770438266,2.0400627463816,0.359602787603917,-1.10845721744194,0.318861239378409,1.72004397511446,1.91985388535444,-0.0002953375562381,-0.977023951746116,0.133325932357924,-1.25078357849942,1.04289987732585,-0.350543859024853,1.18409347719824,-0.182949266023332,-0.146578967444557
76,-0.789379600089812,-0.59279135955972,0.760390223254249,1.14418654700606,0.31215202434565,0.574834912061793,0.322144573898118,-1.510627506106,1.78337558327797,-0.970167127233321,-0.843798028052887,-0.237914754634954,2.17819093456955,0.383174594676421,-0.898041357573379,0.916317759643828,-1.55360934578738,0.0510055965048145,1.14457476610244,-1.38043646778718
5,0.0406176989646043,-0.372443830682258,-0.567824551328176,-1.07964854662387,0.254836704571825,-0.882787617656834,-1.00262860845183,0.5676043581059,-0.143004549663662,-0.279879842005452,-0.0114999159005002,-0.218374090489388,-0.951550005048486,-2.26175707487665,-0.812909267922409,0.752309813795232,-0.162907998643753,-0.0510976249196405,1.00091509349044,0.125161987916328
88,-1.18781390016117,-1.696105610149,0.128160481840061,-0.585341082497153,0.750715686296062,0.843883059328215,-0.326100696565282,-0.422514179910122,-0.87075538843095,-1.4065399321958,0.384815289805573,-0.397505861705682,0.704022681337525,-0.731444218856135,0.200203833150846,-0.401602789667853,0.37059791602009,-0.749098455517844,-0.555202454665022,0.432685062416247
